elementwise_feature,metric,base_feature,space,dimension
cos_elem_2219,cosine,dim_2219,CC,2219
euc_elem_635,euclidean,dim_635,CC,635
cos_elem_42,cosine,dim_42,CC,42
euc_elem_430,euclidean,dim_430,CC,430
euc_elem_94,euclidean,dim_94,CC,94
euc_elem_3172,euclidean,dim_3172,CC,3172
cos_elem_1816,cosine,dim_1816,CC,1816
euc_elem_2930,euclidean,dim_2930,CC,2930
euc_elem_3327,euclidean,s_127,S,127
euc_elem_1183,euclidean,dim_1183,CC,1183
euc_elem_1633,euclidean,dim_1633,CC,1633
cos_elem_2930,cosine,dim_2930,CC,2930
euc_elem_2219,euclidean,dim_2219,CC,2219
cos_elem_814,cosine,dim_814,CC,814
euc_elem_2717,euclidean,dim_2717,CC,2717
cos_elem_635,cosine,dim_635,CC,635
cos_elem_254,cosine,dim_254,CC,254
euc_elem_1401,euclidean,dim_1401,CC,1401
euc_elem_1314,euclidean,dim_1314,CC,1314
euc_elem_3141,euclidean,dim_3141,CC,3141
euc_elem_799,euclidean,dim_799,CC,799
cos_elem_1554,cosine,dim_1554,CC,1554
euc_elem_2144,euclidean,dim_2144,CC,2144
euc_elem_418,euclidean,dim_418,CC,418
euc_elem_2869,euclidean,dim_2869,CC,2869
cos_elem_450,cosine,dim_450,CC,450
cos_elem_2434,cosine,dim_2434,CC,2434
cos_elem_3300,cosine,s_100,S,100
cos_elem_3106,cosine,dim_3106,CC,3106
euc_elem_1567,euclidean,dim_1567,CC,1567
euc_elem_2602,euclidean,dim_2602,CC,2602
euc_elem_922,euclidean,dim_922,CC,922
cos_elem_652,cosine,dim_652,CC,652
euc_elem_2627,euclidean,dim_2627,CC,2627
cos_elem_654,cosine,dim_654,CC,654
euc_elem_2923,euclidean,dim_2923,CC,2923
cos_elem_430,cosine,dim_430,CC,430
euc_elem_3320,euclidean,s_120,S,120
cos_elem_2944,cosine,dim_2944,CC,2944
cos_elem_307,cosine,dim_307,CC,307
euc_elem_1265,euclidean,dim_1265,CC,1265
euc_elem_2860,euclidean,dim_2860,CC,2860
euc_elem_2292,euclidean,dim_2292,CC,2292
cos_elem_2278,cosine,dim_2278,CC,2278
euc_elem_1754,euclidean,dim_1754,CC,1754
euc_elem_1998,euclidean,dim_1998,CC,1998
cos_elem_2366,cosine,dim_2366,CC,2366
cos_elem_881,cosine,dim_881,CC,881
euc_elem_3157,euclidean,dim_3157,CC,3157
cos_elem_1926,cosine,dim_1926,CC,1926
euc_elem_790,euclidean,dim_790,CC,790
cos_elem_2903,cosine,dim_2903,CC,2903
euc_elem_1060,euclidean,dim_1060,CC,1060
cos_elem_434,cosine,dim_434,CC,434
cos_elem_2602,cosine,dim_2602,CC,2602
euc_elem_2489,euclidean,dim_2489,CC,2489
euc_elem_2795,euclidean,dim_2795,CC,2795
euc_elem_789,euclidean,dim_789,CC,789
euc_elem_1174,euclidean,dim_1174,CC,1174
cos_elem_3245,cosine,s_45,S,45
cos_elem_2419,cosine,dim_2419,CC,2419
cos_elem_2340,cosine,dim_2340,CC,2340
cos_elem_1031,cosine,dim_1031,CC,1031
euc_elem_1926,euclidean,dim_1926,CC,1926
euc_elem_812,euclidean,dim_812,CC,812
euc_elem_1831,euclidean,dim_1831,CC,1831
euc_elem_784,euclidean,dim_784,CC,784
cos_elem_356,cosine,dim_356,CC,356
euc_elem_2229,euclidean,dim_2229,CC,2229
euc_elem_2843,euclidean,dim_2843,CC,2843
euc_elem_1129,euclidean,dim_1129,CC,1129
euc_elem_356,euclidean,dim_356,CC,356
euc_elem_3001,euclidean,dim_3001,CC,3001
euc_elem_602,euclidean,dim_602,CC,602
euc_elem_2920,euclidean,dim_2920,CC,2920
euc_elem_722,euclidean,dim_722,CC,722
cos_elem_1731,cosine,dim_1731,CC,1731
euc_elem_2516,euclidean,dim_2516,CC,2516
euc_elem_1064,euclidean,dim_1064,CC,1064
euc_elem_1908,euclidean,dim_1908,CC,1908
cos_elem_2287,cosine,dim_2287,CC,2287
euc_elem_1495,euclidean,dim_1495,CC,1495
euc_elem_19,euclidean,dim_19,CC,19
cos_elem_1550,cosine,dim_1550,CC,1550
cos_elem_1920,cosine,dim_1920,CC,1920
cos_elem_175,cosine,dim_175,CC,175
euc_elem_1833,euclidean,dim_1833,CC,1833
cos_elem_3157,cosine,dim_3157,CC,3157
euc_elem_140,euclidean,dim_140,CC,140
euc_elem_476,euclidean,dim_476,CC,476
euc_elem_2287,euclidean,dim_2287,CC,2287
euc_elem_3147,euclidean,dim_3147,CC,3147
euc_elem_1372,euclidean,dim_1372,CC,1372
euc_elem_3305,euclidean,s_105,S,105
euc_elem_1031,euclidean,dim_1031,CC,1031
euc_elem_2395,euclidean,dim_2395,CC,2395
cos_elem_2511,cosine,dim_2511,CC,2511
euc_elem_2790,euclidean,dim_2790,CC,2790
cos_elem_3121,cosine,dim_3121,CC,3121
cos_elem_789,cosine,dim_789,CC,789
euc_elem_2423,euclidean,dim_2423,CC,2423
cos_elem_140,cosine,dim_140,CC,140
euc_elem_491,euclidean,dim_491,CC,491
euc_elem_2892,euclidean,dim_2892,CC,2892
euc_elem_2538,euclidean,dim_2538,CC,2538
cos_elem_643,cosine,dim_643,CC,643
euc_elem_534,euclidean,dim_534,CC,534
euc_elem_577,euclidean,dim_577,CC,577
euc_elem_1748,euclidean,dim_1748,CC,1748
cos_elem_1996,cosine,dim_1996,CC,1996
euc_elem_2209,euclidean,dim_2209,CC,2209
cos_elem_892,cosine,dim_892,CC,892
cos_elem_2840,cosine,dim_2840,CC,2840
euc_elem_1152,euclidean,dim_1152,CC,1152
cos_elem_1912,cosine,dim_1912,CC,1912
cos_elem_722,cosine,dim_722,CC,722
euc_elem_2688,euclidean,dim_2688,CC,2688
cos_elem_2181,cosine,dim_2181,CC,2181
cos_elem_2790,cosine,dim_2790,CC,2790
cos_elem_2923,cosine,dim_2923,CC,2923
cos_elem_1064,cosine,dim_1064,CC,1064
cos_elem_2935,cosine,dim_2935,CC,2935
euc_elem_1269,euclidean,dim_1269,CC,1269
euc_elem_3190,euclidean,dim_3190,CC,3190
euc_elem_1671,euclidean,dim_1671,CC,1671
cos_elem_2047,cosine,dim_2047,CC,2047
cos_elem_2482,cosine,dim_2482,CC,2482
euc_elem_2366,euclidean,dim_2366,CC,2366
cos_elem_302,cosine,dim_302,CC,302
cos_elem_2019,cosine,dim_2019,CC,2019
euc_elem_394,euclidean,dim_394,CC,394
euc_elem_2474,euclidean,dim_2474,CC,2474
euc_elem_2523,euclidean,dim_2523,CC,2523
euc_elem_747,euclidean,dim_747,CC,747
cos_elem_2805,cosine,dim_2805,CC,2805
euc_elem_1214,euclidean,dim_1214,CC,1214
euc_elem_1035,euclidean,dim_1035,CC,1035
cos_elem_1752,cosine,dim_1752,CC,1752
cos_elem_476,cosine,dim_476,CC,476
cos_elem_446,cosine,dim_446,CC,446
euc_elem_2286,euclidean,dim_2286,CC,2286
cos_elem_2587,cosine,dim_2587,CC,2587
cos_elem_2246,cosine,dim_2246,CC,2246
euc_elem_963,euclidean,dim_963,CC,963
cos_elem_1214,cosine,dim_1214,CC,1214
euc_elem_3034,euclidean,dim_3034,CC,3034
euc_elem_1560,euclidean,dim_1560,CC,1560
euc_elem_51,euclidean,dim_51,CC,51
euc_elem_652,euclidean,dim_652,CC,652
euc_elem_654,euclidean,dim_654,CC,654
euc_elem_1915,euclidean,dim_1915,CC,1915
cos_elem_2409,cosine,dim_2409,CC,2409
cos_elem_3014,cosine,dim_3014,CC,3014
euc_elem_892,euclidean,dim_892,CC,892
euc_elem_886,euclidean,dim_886,CC,886
euc_elem_2450,euclidean,dim_2450,CC,2450
cos_elem_1489,cosine,dim_1489,CC,1489
euc_elem_814,euclidean,dim_814,CC,814
euc_elem_647,euclidean,dim_647,CC,647
cos_elem_1882,cosine,dim_1882,CC,1882
euc_elem_2185,euclidean,dim_2185,CC,2185
euc_elem_313,euclidean,dim_313,CC,313
cos_elem_2450,cosine,dim_2450,CC,2450
euc_elem_2457,euclidean,dim_2457,CC,2457
cos_elem_445,cosine,dim_445,CC,445
cos_elem_2866,cosine,dim_2866,CC,2866
euc_elem_2652,euclidean,dim_2652,CC,2652
cos_elem_444,cosine,dim_444,CC,444
cos_elem_1079,cosine,dim_1079,CC,1079
cos_elem_3033,cosine,dim_3033,CC,3033
cos_elem_791,cosine,dim_791,CC,791
euc_elem_1883,euclidean,dim_1883,CC,1883
euc_elem_834,euclidean,dim_834,CC,834
euc_elem_715,euclidean,dim_715,CC,715
euc_elem_2360,euclidean,dim_2360,CC,2360
euc_elem_679,euclidean,dim_679,CC,679
cos_elem_2787,cosine,dim_2787,CC,2787
cos_elem_2209,cosine,dim_2209,CC,2209
cos_elem_1372,cosine,dim_1372,CC,1372
euc_elem_1550,euclidean,dim_1550,CC,1550
cos_elem_2136,cosine,dim_2136,CC,2136
euc_elem_1173,euclidean,dim_1173,CC,1173
euc_elem_1398,euclidean,dim_1398,CC,1398
cos_elem_2292,cosine,dim_2292,CC,2292
euc_elem_2104,euclidean,dim_2104,CC,2104
cos_elem_1754,cosine,dim_1754,CC,1754
cos_elem_1183,cosine,dim_1183,CC,1183
cos_elem_812,cosine,dim_812,CC,812
cos_elem_799,cosine,dim_799,CC,799
euc_elem_1900,euclidean,dim_1900,CC,1900
cos_elem_2489,cosine,dim_2489,CC,2489
euc_elem_1423,euclidean,dim_1423,CC,1423
cos_elem_663,cosine,dim_663,CC,663
cos_elem_2011,cosine,dim_2011,CC,2011
euc_elem_2487,euclidean,dim_2487,CC,2487
cos_elem_2612,cosine,dim_2612,CC,2612
cos_elem_1139,cosine,dim_1139,CC,1139
euc_elem_70,euclidean,dim_70,CC,70
euc_elem_698,euclidean,dim_698,CC,698
euc_elem_202,euclidean,dim_202,CC,202
euc_elem_302,euclidean,dim_302,CC,302
cos_elem_1087,cosine,dim_1087,CC,1087
cos_elem_2311,cosine,dim_2311,CC,2311
euc_elem_1470,euclidean,dim_1470,CC,1470
euc_elem_835,euclidean,dim_835,CC,835
cos_elem_1470,cosine,dim_1470,CC,1470
euc_elem_1743,euclidean,dim_1743,CC,1743
cos_elem_2461,cosine,dim_2461,CC,2461
cos_elem_2663,cosine,dim_2663,CC,2663
euc_elem_2736,euclidean,dim_2736,CC,2736
euc_elem_439,euclidean,dim_439,CC,439
euc_elem_436,euclidean,dim_436,CC,436
euc_elem_2866,euclidean,dim_2866,CC,2866
cos_elem_784,cosine,dim_784,CC,784
euc_elem_967,euclidean,dim_967,CC,967
euc_elem_744,euclidean,dim_744,CC,744
cos_elem_2412,cosine,dim_2412,CC,2412
cos_elem_2407,cosine,dim_2407,CC,2407
euc_elem_446,euclidean,dim_446,CC,446
cos_elem_859,cosine,dim_859,CC,859
euc_elem_1545,euclidean,dim_1545,CC,1545
euc_elem_2882,euclidean,dim_2882,CC,2882
cos_elem_202,cosine,dim_202,CC,202
euc_elem_667,euclidean,dim_667,CC,667
euc_elem_2612,euclidean,dim_2612,CC,2612
euc_elem_1488,euclidean,dim_1488,CC,1488
euc_elem_2935,euclidean,dim_2935,CC,2935
euc_elem_1802,euclidean,dim_1802,CC,1802
cos_elem_1722,cosine,dim_1722,CC,1722
cos_elem_2642,cosine,dim_2642,CC,2642
cos_elem_486,cosine,dim_486,CC,486
euc_elem_3121,euclidean,dim_3121,CC,3121
euc_elem_2246,euclidean,dim_2246,CC,2246
euc_elem_2889,euclidean,dim_2889,CC,2889
euc_elem_1727,euclidean,dim_1727,CC,1727
cos_elem_2799,cosine,dim_2799,CC,2799
cos_elem_963,cosine,dim_963,CC,963
euc_elem_3165,euclidean,dim_3165,CC,3165
euc_elem_254,euclidean,dim_254,CC,254
euc_elem_2741,euclidean,dim_2741,CC,2741
euc_elem_1693,euclidean,dim_1693,CC,1693
euc_elem_2069,euclidean,dim_2069,CC,2069
euc_elem_1340,euclidean,dim_1340,CC,1340
cos_elem_2258,cosine,dim_2258,CC,2258
euc_elem_1493,euclidean,dim_1493,CC,1493
euc_elem_3303,euclidean,s_103,S,103
euc_elem_938,euclidean,dim_938,CC,938
euc_elem_703,euclidean,dim_703,CC,703
euc_elem_3044,euclidean,dim_3044,CC,3044
euc_elem_424,euclidean,dim_424,CC,424
cos_elem_1565,cosine,dim_1565,CC,1565
cos_elem_741,cosine,dim_741,CC,741
cos_elem_715,cosine,dim_715,CC,715
cos_elem_756,cosine,dim_756,CC,756
euc_elem_1882,euclidean,dim_1882,CC,1882
cos_elem_2375,cosine,dim_2375,CC,2375
euc_elem_2407,euclidean,dim_2407,CC,2407
cos_elem_1744,cosine,dim_1744,CC,1744
euc_elem_2181,euclidean,dim_2181,CC,2181
cos_elem_2843,cosine,dim_2843,CC,2843
cos_elem_577,cosine,dim_577,CC,577
cos_elem_908,cosine,dim_908,CC,908
euc_elem_1827,euclidean,dim_1827,CC,1827
euc_elem_3000,euclidean,dim_3000,CC,3000
cos_elem_1098,cosine,dim_1098,CC,1098
cos_elem_1863,cosine,dim_1863,CC,1863
euc_elem_1822,euclidean,dim_1822,CC,1822
cos_elem_2795,cosine,dim_2795,CC,2795
euc_elem_2957,euclidean,dim_2957,CC,2957
euc_elem_463,euclidean,dim_463,CC,463
euc_elem_2897,euclidean,dim_2897,CC,2897
euc_elem_2944,euclidean,dim_2944,CC,2944
cos_elem_384,cosine,dim_384,CC,384
cos_elem_1284,cosine,dim_1284,CC,1284
euc_elem_2891,euclidean,dim_2891,CC,2891
cos_elem_2609,cosine,dim_2609,CC,2609
euc_elem_1544,euclidean,dim_1544,CC,1544
euc_elem_2575,euclidean,dim_2575,CC,2575
cos_elem_1642,cosine,dim_1642,CC,1642
euc_elem_2587,euclidean,dim_2587,CC,2587
euc_elem_1511,euclidean,dim_1511,CC,1511
euc_elem_2375,euclidean,dim_2375,CC,2375
cos_elem_2473,cosine,dim_2473,CC,2473
euc_elem_1996,euclidean,dim_1996,CC,1996
cos_elem_2838,cosine,dim_2838,CC,2838
cos_elem_1340,cosine,dim_1340,CC,1340
cos_elem_917,cosine,dim_917,CC,917
cos_elem_974,cosine,dim_974,CC,974
euc_elem_2903,euclidean,dim_2903,CC,2903
euc_elem_1816,euclidean,dim_1816,CC,1816
cos_elem_311,cosine,dim_311,CC,311
euc_elem_711,euclidean,dim_711,CC,711
euc_elem_3097,euclidean,dim_3097,CC,3097
cos_elem_2155,cosine,dim_2155,CC,2155
euc_elem_1049,euclidean,dim_1049,CC,1049
cos_elem_1796,cosine,dim_1796,CC,1796
euc_elem_2569,euclidean,dim_2569,CC,2569
euc_elem_2543,euclidean,dim_2543,CC,2543
cos_elem_3240,cosine,s_40,S,40
euc_elem_2494,euclidean,dim_2494,CC,2494
cos_elem_3236,cosine,s_36,S,36
cos_elem_204,cosine,dim_204,CC,204
euc_elem_1045,euclidean,dim_1045,CC,1045
cos_elem_2538,cosine,dim_2538,CC,2538
euc_elem_998,euclidean,dim_998,CC,998
cos_elem_1035,cosine,dim_1035,CC,1035
euc_elem_2446,euclidean,dim_2446,CC,2446
euc_elem_1133,euclidean,dim_1133,CC,1133
euc_elem_1723,euclidean,dim_1723,CC,1723
euc_elem_2463,euclidean,dim_2463,CC,2463
euc_elem_1596,euclidean,dim_1596,CC,1596
euc_elem_169,euclidean,dim_169,CC,169
cos_elem_3199,cosine,dim_3199,CC,3199
euc_elem_907,euclidean,dim_907,CC,907
euc_elem_731,euclidean,dim_731,CC,731
cos_elem_1582,cosine,dim_1582,CC,1582
cos_elem_109,cosine,dim_109,CC,109
cos_elem_3186,cosine,dim_3186,CC,3186
euc_elem_917,euclidean,dim_917,CC,917
euc_elem_741,euclidean,dim_741,CC,741
euc_elem_3195,euclidean,dim_3195,CC,3195
euc_elem_723,euclidean,dim_723,CC,723
euc_elem_925,euclidean,dim_925,CC,925
euc_elem_3217,euclidean,s_17,S,17
euc_elem_3242,euclidean,s_42,S,42
cos_elem_800,cosine,dim_800,CC,800
euc_elem_1439,euclidean,dim_1439,CC,1439
cos_elem_169,cosine,dim_169,CC,169
cos_elem_1633,cosine,dim_1633,CC,1633
euc_elem_2461,euclidean,dim_2461,CC,2461
cos_elem_1583,cosine,dim_1583,CC,1583
euc_elem_3315,euclidean,s_115,S,115
euc_elem_881,euclidean,dim_881,CC,881
euc_elem_1659,euclidean,dim_1659,CC,1659
cos_elem_3172,cosine,dim_3172,CC,3172
euc_elem_2019,euclidean,dim_2019,CC,2019
euc_elem_307,euclidean,dim_307,CC,307
euc_elem_2771,euclidean,dim_2771,CC,2771
cos_elem_698,cosine,dim_698,CC,698
euc_elem_77,euclidean,dim_77,CC,77
euc_elem_1284,euclidean,dim_1284,CC,1284
euc_elem_133,euclidean,dim_133,CC,133
euc_elem_1296,euclidean,dim_1296,CC,1296
cos_elem_1726,cosine,dim_1726,CC,1726
cos_elem_3044,cosine,dim_3044,CC,3044
euc_elem_1595,euclidean,dim_1595,CC,1595
cos_elem_2336,cosine,dim_2336,CC,2336
euc_elem_3014,euclidean,dim_3014,CC,3014
euc_elem_675,euclidean,dim_675,CC,675
cos_elem_2226,cosine,dim_2226,CC,2226
euc_elem_2693,euclidean,dim_2693,CC,2693
cos_elem_2892,cosine,dim_2892,CC,2892
euc_elem_1920,euclidean,dim_1920,CC,1920
euc_elem_1363,euclidean,dim_1363,CC,1363
euc_elem_1919,euclidean,dim_1919,CC,1919
cos_elem_2937,cosine,dim_2937,CC,2937
cos_elem_2931,cosine,dim_2931,CC,2931
euc_elem_1582,euclidean,dim_1582,CC,1582
cos_elem_2869,cosine,dim_2869,CC,2869
euc_elem_1726,euclidean,dim_1726,CC,1726
euc_elem_2214,euclidean,dim_2214,CC,2214
cos_elem_2794,cosine,dim_2794,CC,2794
euc_elem_2902,euclidean,dim_2902,CC,2902
euc_elem_194,euclidean,dim_194,CC,194
cos_elem_1596,cosine,dim_1596,CC,1596
cos_elem_3223,cosine,s_23,S,23
cos_elem_1332,cosine,dim_1332,CC,1332
cos_elem_1423,cosine,dim_1423,CC,1423
cos_elem_1649,cosine,dim_1649,CC,1649
euc_elem_269,euclidean,dim_269,CC,269
cos_elem_2741,cosine,dim_2741,CC,2741
euc_elem_434,euclidean,dim_434,CC,434
euc_elem_413,euclidean,dim_413,CC,413
euc_elem_1967,euclidean,dim_1967,CC,1967
cos_elem_1273,cosine,dim_1273,CC,1273
euc_elem_1289,euclidean,dim_1289,CC,1289
euc_elem_751,euclidean,dim_751,CC,751
cos_elem_2457,cosine,dim_2457,CC,2457
cos_elem_285,cosine,dim_285,CC,285
euc_elem_1332,euclidean,dim_1332,CC,1332
euc_elem_3040,euclidean,dim_3040,CC,3040
euc_elem_883,euclidean,dim_883,CC,883
cos_elem_2326,cosine,dim_2326,CC,2326
cos_elem_1998,cosine,dim_1998,CC,1998
cos_elem_1932,cosine,dim_1932,CC,1932
euc_elem_1679,euclidean,dim_1679,CC,1679
cos_elem_19,cosine,dim_19,CC,19
euc_elem_1907,euclidean,dim_1907,CC,1907
euc_elem_2427,euclidean,dim_2427,CC,2427
cos_elem_2069,cosine,dim_2069,CC,2069
euc_elem_809,euclidean,dim_809,CC,809
euc_elem_1139,euclidean,dim_1139,CC,1139
cos_elem_835,cosine,dim_835,CC,835
euc_elem_270,euclidean,dim_270,CC,270
euc_elem_968,euclidean,dim_968,CC,968
euc_elem_1547,euclidean,dim_1547,CC,1547
cos_elem_3001,cosine,dim_3001,CC,3001
cos_elem_2471,cosine,dim_2471,CC,2471
euc_elem_1304,euclidean,dim_1304,CC,1304
euc_elem_2511,euclidean,dim_2511,CC,2511
cos_elem_2050,cosine,dim_2050,CC,2050
cos_elem_945,cosine,dim_945,CC,945
cos_elem_925,cosine,dim_925,CC,925
cos_elem_926,cosine,dim_926,CC,926
cos_elem_2041,cosine,dim_2041,CC,2041
euc_elem_229,euclidean,dim_229,CC,229
cos_elem_2889,cosine,dim_2889,CC,2889
cos_elem_1743,cosine,dim_1743,CC,1743
euc_elem_3133,euclidean,dim_3133,CC,3133
cos_elem_1172,cosine,dim_1172,CC,1172
cos_elem_1685,cosine,dim_1685,CC,1685
cos_elem_94,cosine,dim_94,CC,94
euc_elem_2780,euclidean,dim_2780,CC,2780
euc_elem_1752,euclidean,dim_1752,CC,1752
cos_elem_2215,cosine,dim_2215,CC,2215
cos_elem_2021,cosine,dim_2021,CC,2021
cos_elem_2010,cosine,dim_2010,CC,2010
euc_elem_2839,euclidean,dim_2839,CC,2839
euc_elem_2133,euclidean,dim_2133,CC,2133
euc_elem_2089,euclidean,dim_2089,CC,2089
euc_elem_2816,euclidean,dim_2816,CC,2816
cos_elem_780,cosine,dim_780,CC,780
cos_elem_796,cosine,dim_796,CC,796
euc_elem_854,euclidean,dim_854,CC,854
euc_elem_1864,euclidean,dim_1864,CC,1864
cos_elem_199,cosine,dim_199,CC,199
cos_elem_3190,cosine,dim_3190,CC,3190
euc_elem_2409,euclidean,dim_2409,CC,2409
euc_elem_952,euclidean,dim_952,CC,952
euc_elem_1819,euclidean,dim_1819,CC,1819
cos_elem_2229,cosine,dim_2229,CC,2229
cos_elem_1810,cosine,dim_1810,CC,1810
euc_elem_2471,euclidean,dim_2471,CC,2471
euc_elem_3030,euclidean,dim_3030,CC,3030
euc_elem_3023,euclidean,dim_3023,CC,3023
cos_elem_2939,cosine,dim_2939,CC,2939
cos_elem_1096,cosine,dim_1096,CC,1096
cos_elem_1158,cosine,dim_1158,CC,1158
euc_elem_2592,euclidean,dim_2592,CC,2592
euc_elem_1565,euclidean,dim_1565,CC,1565
cos_elem_1880,cosine,dim_1880,CC,1880
euc_elem_154,euclidean,dim_154,CC,154
euc_elem_2665,euclidean,dim_2665,CC,2665
cos_elem_1078,cosine,dim_1078,CC,1078
euc_elem_2714,euclidean,dim_2714,CC,2714
cos_elem_2617,cosine,dim_2617,CC,2617
cos_elem_581,cosine,dim_581,CC,581
euc_elem_187,euclidean,dim_187,CC,187
euc_elem_600,euclidean,dim_600,CC,600
euc_elem_2050,euclidean,dim_2050,CC,2050
euc_elem_2254,euclidean,dim_2254,CC,2254
euc_elem_189,euclidean,dim_189,CC,189
euc_elem_127,euclidean,dim_127,CC,127
euc_elem_1975,euclidean,dim_1975,CC,1975
euc_elem_1043,euclidean,dim_1043,CC,1043
euc_elem_1053,euclidean,dim_1053,CC,1053
cos_elem_2632,cosine,dim_2632,CC,2632
euc_elem_109,euclidean,dim_109,CC,109
cos_elem_1124,cosine,dim_1124,CC,1124
cos_elem_3243,cosine,s_43,S,43
cos_elem_2676,cosine,dim_2676,CC,2676
euc_elem_1771,euclidean,dim_1771,CC,1771
cos_elem_537,cosine,dim_537,CC,537
cos_elem_1809,cosine,dim_1809,CC,1809
cos_elem_1757,cosine,dim_1757,CC,1757
cos_elem_980,cosine,dim_980,CC,980
cos_elem_438,cosine,dim_438,CC,438
cos_elem_309,cosine,dim_309,CC,309
cos_elem_3038,cosine,dim_3038,CC,3038
cos_elem_1387,cosine,dim_1387,CC,1387
cos_elem_1225,cosine,dim_1225,CC,1225
cos_elem_1321,cosine,dim_1321,CC,1321
euc_elem_62,euclidean,dim_62,CC,62
cos_elem_3201,cosine,s_1,S,1
cos_elem_189,cosine,dim_189,CC,189
euc_elem_3212,euclidean,s_12,S,12
euc_elem_3206,euclidean,s_6,S,6
euc_elem_317,euclidean,dim_317,CC,317
cos_elem_744,cosine,dim_744,CC,744
cos_elem_1447,cosine,dim_1447,CC,1447
cos_elem_1624,cosine,dim_1624,CC,1624
cos_elem_229,cosine,dim_229,CC,229
cos_elem_1351,cosine,dim_1351,CC,1351
euc_elem_1087,euclidean,dim_1087,CC,1087
euc_elem_2010,euclidean,dim_2010,CC,2010
cos_elem_2860,cosine,dim_2860,CC,2860
euc_elem_2226,euclidean,dim_2226,CC,2226
euc_elem_2175,euclidean,dim_2175,CC,2175
euc_elem_1056,euclidean,dim_1056,CC,1056
euc_elem_2908,euclidean,dim_2908,CC,2908
cos_elem_919,cosine,dim_919,CC,919
cos_elem_3052,cosine,dim_3052,CC,3052
cos_elem_3303,cosine,s_103,S,103
euc_elem_2578,euclidean,dim_2578,CC,2578
euc_elem_2609,euclidean,dim_2609,CC,2609
euc_elem_1830,euclidean,dim_1830,CC,1830
cos_elem_1252,cosine,dim_1252,CC,1252
cos_elem_418,cosine,dim_418,CC,418
cos_elem_1679,cosine,dim_1679,CC,1679
cos_elem_2886,cosine,dim_2886,CC,2886
euc_elem_1316,euclidean,dim_1316,CC,1316
euc_elem_2513,euclidean,dim_2513,CC,2513
euc_elem_2279,euclidean,dim_2279,CC,2279
euc_elem_1810,euclidean,dim_1810,CC,1810
euc_elem_1458,euclidean,dim_1458,CC,1458
cos_elem_1278,cosine,dim_1278,CC,1278
euc_elem_1554,euclidean,dim_1554,CC,1554
euc_elem_3137,euclidean,dim_3137,CC,3137
euc_elem_1303,euclidean,dim_1303,CC,1303
euc_elem_2434,euclidean,dim_2434,CC,2434
euc_elem_2436,euclidean,dim_2436,CC,2436
euc_elem_2433,euclidean,dim_2433,CC,2433
cos_elem_2474,cosine,dim_2474,CC,2474
euc_elem_3145,euclidean,dim_3145,CC,3145
euc_elem_2941,euclidean,dim_2941,CC,2941
euc_elem_1225,euclidean,dim_1225,CC,1225
euc_elem_1211,euclidean,dim_1211,CC,1211
euc_elem_1736,euclidean,dim_1736,CC,1736
euc_elem_479,euclidean,dim_479,CC,479
cos_elem_967,cosine,dim_967,CC,967
euc_elem_488,euclidean,dim_488,CC,488
cos_elem_653,cosine,dim_653,CC,653
euc_elem_2184,euclidean,dim_2184,CC,2184
cos_elem_827,cosine,dim_827,CC,827
cos_elem_3197,cosine,dim_3197,CC,3197
cos_elem_3318,cosine,s_118,S,118
euc_elem_2347,euclidean,dim_2347,CC,2347
euc_elem_974,euclidean,dim_974,CC,974
euc_elem_735,euclidean,dim_735,CC,735
euc_elem_1912,euclidean,dim_1912,CC,1912
cos_elem_110,cosine,dim_110,CC,110
euc_elem_958,euclidean,dim_958,CC,958
euc_elem_643,euclidean,dim_643,CC,643
euc_elem_872,euclidean,dim_872,CC,872
euc_elem_870,euclidean,dim_870,CC,870
cos_elem_3227,cosine,s_27,S,27
euc_elem_1692,euclidean,dim_1692,CC,1692
cos_elem_2079,cosine,dim_2079,CC,2079
cos_elem_602,cosine,dim_602,CC,602
euc_elem_441,euclidean,dim_441,CC,441
cos_elem_775,cosine,dim_775,CC,775
cos_elem_1481,cosine,dim_1481,CC,1481
cos_elem_3147,cosine,dim_3147,CC,3147
euc_elem_384,euclidean,dim_384,CC,384
euc_elem_2875,euclidean,dim_2875,CC,2875
euc_elem_401,euclidean,dim_401,CC,401
euc_elem_392,euclidean,dim_392,CC,392
euc_elem_465,euclidean,dim_465,CC,465
cos_elem_702,cosine,dim_702,CC,702
cos_elem_783,cosine,dim_783,CC,783
euc_elem_2340,euclidean,dim_2340,CC,2340
euc_elem_752,euclidean,dim_752,CC,752
cos_elem_1493,cosine,dim_1493,CC,1493
cos_elem_2725,cosine,dim_2725,CC,2725
euc_elem_2419,euclidean,dim_2419,CC,2419
cos_elem_1555,cosine,dim_1555,CC,1555
euc_elem_800,euclidean,dim_800,CC,800
cos_elem_922,cosine,dim_922,CC,922
euc_elem_1387,euclidean,dim_1387,CC,1387
euc_elem_1380,euclidean,dim_1380,CC,1380
euc_elem_2937,euclidean,dim_2937,CC,2937
euc_elem_95,euclidean,dim_95,CC,95
euc_elem_1253,euclidean,dim_1253,CC,1253
cos_elem_1635,cosine,dim_1635,CC,1635
euc_elem_1067,euclidean,dim_1067,CC,1067
euc_elem_2173,euclidean,dim_2173,CC,2173
euc_elem_2159,euclidean,dim_2159,CC,2159
euc_elem_611,euclidean,dim_611,CC,611
euc_elem_612,euclidean,dim_612,CC,612
euc_elem_1894,euclidean,dim_1894,CC,1894
euc_elem_21,euclidean,dim_21,CC,21
euc_elem_90,euclidean,dim_90,CC,90
euc_elem_2922,euclidean,dim_2922,CC,2922
euc_elem_220,euclidean,dim_220,CC,220
euc_elem_783,euclidean,dim_783,CC,783
euc_elem_718,euclidean,dim_718,CC,718
euc_elem_1353,euclidean,dim_1353,CC,1353
euc_elem_2169,euclidean,dim_2169,CC,2169
euc_elem_3197,euclidean,dim_3197,CC,3197
euc_elem_3144,euclidean,dim_3144,CC,3144
cos_elem_3321,cosine,s_121,S,121
cos_elem_2368,cosine,dim_2368,CC,2368
cos_elem_1021,cosine,dim_1021,CC,1021
euc_elem_486,euclidean,dim_486,CC,486
cos_elem_2523,cosine,dim_2523,CC,2523
cos_elem_1032,cosine,dim_1032,CC,1032
cos_elem_2353,cosine,dim_2353,CC,2353
euc_elem_1273,euclidean,dim_1273,CC,1273
euc_elem_3193,euclidean,dim_3193,CC,3193
cos_elem_1473,cosine,dim_1473,CC,1473
euc_elem_1095,euclidean,dim_1095,CC,1095
euc_elem_2398,euclidean,dim_2398,CC,2398
euc_elem_1997,euclidean,dim_1997,CC,1997
euc_elem_2965,euclidean,dim_2965,CC,2965
euc_elem_3016,euclidean,dim_3016,CC,3016
euc_elem_624,euclidean,dim_624,CC,624
euc_elem_2004,euclidean,dim_2004,CC,2004
cos_elem_968,cosine,dim_968,CC,968
cos_elem_1223,cosine,dim_1223,CC,1223
euc_elem_2750,euclidean,dim_2750,CC,2750
euc_elem_988,euclidean,dim_988,CC,988
cos_elem_1085,cosine,dim_1085,CC,1085
cos_elem_131,cosine,dim_131,CC,131
euc_elem_1164,euclidean,dim_1164,CC,1164
euc_elem_1166,euclidean,dim_1166,CC,1166
euc_elem_3300,euclidean,s_100,S,100
euc_elem_2746,euclidean,dim_2746,CC,2746
euc_elem_2381,euclidean,dim_2381,CC,2381
euc_elem_2341,euclidean,dim_2341,CC,2341
euc_elem_2310,euclidean,dim_2310,CC,2310
euc_elem_2758,euclidean,dim_2758,CC,2758
euc_elem_3052,euclidean,dim_3052,CC,3052
euc_elem_2103,euclidean,dim_2103,CC,2103
cos_elem_2078,cosine,dim_2078,CC,2078
cos_elem_1039,cosine,dim_1039,CC,1039
euc_elem_736,euclidean,dim_736,CC,736
cos_elem_2429,cosine,dim_2429,CC,2429
cos_elem_1746,cosine,dim_1746,CC,1746
cos_elem_2717,cosine,dim_2717,CC,2717
euc_elem_1359,euclidean,dim_1359,CC,1359
cos_elem_2341,cosine,dim_2341,CC,2341
cos_elem_1663,cosine,dim_1663,CC,1663
cos_elem_2716,cosine,dim_2716,CC,2716
cos_elem_3046,cosine,dim_3046,CC,3046
cos_elem_3040,cosine,dim_3040,CC,3040
euc_elem_1932,euclidean,dim_1932,CC,1932
euc_elem_2983,euclidean,dim_2983,CC,2983
cos_elem_568,cosine,dim_568,CC,568
cos_elem_2688,cosine,dim_2688,CC,2688
euc_elem_3120,euclidean,dim_3120,CC,3120
cos_elem_3218,cosine,s_18,S,18
cos_elem_1025,cosine,dim_1025,CC,1025
euc_elem_1248,euclidean,dim_1248,CC,1248
euc_elem_2642,euclidean,dim_2642,CC,2642
cos_elem_1603,cosine,dim_1603,CC,1603
euc_elem_168,euclidean,dim_168,CC,168
cos_elem_2225,cosine,dim_2225,CC,2225
cos_elem_1705,cosine,dim_1705,CC,1705
euc_elem_1234,euclidean,dim_1234,CC,1234
cos_elem_2144,cosine,dim_2144,CC,2144
cos_elem_2183,cosine,dim_2183,CC,2183
cos_elem_2469,cosine,dim_2469,CC,2469
cos_elem_2652,cosine,dim_2652,CC,2652
cos_elem_2665,cosine,dim_2665,CC,2665
cos_elem_2566,cosine,dim_2566,CC,2566
euc_elem_1789,euclidean,dim_1789,CC,1789
euc_elem_1260,euclidean,dim_1260,CC,1260
euc_elem_1391,euclidean,dim_1391,CC,1391
cos_elem_1050,cosine,dim_1050,CC,1050
euc_elem_164,euclidean,dim_164,CC,164
euc_elem_146,euclidean,dim_146,CC,146
euc_elem_2473,euclidean,dim_2473,CC,2473
cos_elem_2627,cosine,dim_2627,CC,2627
cos_elem_1267,cosine,dim_1267,CC,1267
cos_elem_907,cosine,dim_907,CC,907
euc_elem_2645,euclidean,dim_2645,CC,2645
cos_elem_3210,cosine,s_10,S,10
euc_elem_107,euclidean,dim_107,CC,107
euc_elem_2651,euclidean,dim_2651,CC,2651
cos_elem_1316,cosine,dim_1316,CC,1316
cos_elem_3233,cosine,s_33,S,33
cos_elem_1825,cosine,dim_1825,CC,1825
euc_elem_1961,euclidean,dim_1961,CC,1961
euc_elem_702,euclidean,dim_702,CC,702
euc_elem_179,euclidean,dim_179,CC,179
cos_elem_298,cosine,dim_298,CC,298
cos_elem_313,cosine,dim_313,CC,313
euc_elem_1963,euclidean,dim_1963,CC,1963
cos_elem_336,cosine,dim_336,CC,336
euc_elem_2326,euclidean,dim_2326,CC,2326
cos_elem_355,cosine,dim_355,CC,355
cos_elem_2175,cosine,dim_2175,CC,2175
euc_elem_2047,euclidean,dim_2047,CC,2047
euc_elem_535,euclidean,dim_535,CC,535
euc_elem_2663,euclidean,dim_2663,CC,2663
euc_elem_166,euclidean,dim_166,CC,166
cos_elem_2920,cosine,dim_2920,CC,2920
euc_elem_2495,euclidean,dim_2495,CC,2495
euc_elem_866,euclidean,dim_866,CC,866
cos_elem_179,cosine,dim_179,CC,179
euc_elem_31,euclidean,dim_31,CC,31
cos_elem_1566,cosine,dim_1566,CC,1566
cos_elem_3145,cosine,dim_3145,CC,3145
cos_elem_3027,cosine,dim_3027,CC,3027
cos_elem_1776,cosine,dim_1776,CC,1776
euc_elem_1481,euclidean,dim_1481,CC,1481
euc_elem_1437,euclidean,dim_1437,CC,1437
cos_elem_3193,cosine,dim_3193,CC,3193
euc_elem_1632,euclidean,dim_1632,CC,1632
cos_elem_1567,cosine,dim_1567,CC,1567
euc_elem_2770,euclidean,dim_2770,CC,2770
cos_elem_3144,cosine,dim_3144,CC,3144
euc_elem_2777,euclidean,dim_2777,CC,2777
euc_elem_2080,euclidean,dim_2080,CC,2080
euc_elem_1326,euclidean,dim_1326,CC,1326
euc_elem_1879,euclidean,dim_1879,CC,1879
euc_elem_1300,euclidean,dim_1300,CC,1300
cos_elem_1173,cosine,dim_1173,CC,1173
cos_elem_127,cosine,dim_127,CC,127
euc_elem_916,euclidean,dim_916,CC,916
euc_elem_2594,euclidean,dim_2594,CC,2594
euc_elem_716,euclidean,dim_716,CC,716
euc_elem_383,euclidean,dim_383,CC,383
euc_elem_388,euclidean,dim_388,CC,388
cos_elem_2297,cosine,dim_2297,CC,2297
euc_elem_331,euclidean,dim_331,CC,331
euc_elem_2779,euclidean,dim_2779,CC,2779
cos_elem_1129,cosine,dim_1129,CC,1129
cos_elem_1193,cosine,dim_1193,CC,1193
cos_elem_1184,cosine,dim_1184,CC,1184
euc_elem_882,euclidean,dim_882,CC,882
cos_elem_186,cosine,dim_186,CC,186
cos_elem_485,cosine,dim_485,CC,485
cos_elem_70,cosine,dim_70,CC,70
euc_elem_3031,euclidean,dim_3031,CC,3031
cos_elem_1922,cosine,dim_1922,CC,1922
cos_elem_534,cosine,dim_534,CC,534
cos_elem_1458,cosine,dim_1458,CC,1458
cos_elem_1133,cosine,dim_1133,CC,1133
cos_elem_1472,cosine,dim_1472,CC,1472
euc_elem_3222,euclidean,s_22,S,22
euc_elem_1666,euclidean,dim_1666,CC,1666
euc_elem_3265,euclidean,s_65,S,65
euc_elem_3262,euclidean,s_62,S,62
euc_elem_3282,euclidean,s_82,S,82
cos_elem_45,cosine,dim_45,CC,45
cos_elem_2821,cosine,dim_2821,CC,2821
euc_elem_3296,euclidean,s_96,S,96
cos_elem_22,cosine,dim_22,CC,22
euc_elem_1619,euclidean,dim_1619,CC,1619
euc_elem_2122,euclidean,dim_2122,CC,2122
euc_elem_1676,euclidean,dim_1676,CC,1676
euc_elem_753,euclidean,dim_753,CC,753
euc_elem_2577,euclidean,dim_2577,CC,2577
euc_elem_3235,euclidean,s_35,S,35
cos_elem_1202,cosine,dim_1202,CC,1202
euc_elem_676,euclidean,dim_676,CC,676
euc_elem_2370,euclidean,dim_2370,CC,2370
euc_elem_2421,euclidean,dim_2421,CC,2421
cos_elem_1978,cosine,dim_1978,CC,1978
cos_elem_797,cosine,dim_797,CC,797
euc_elem_663,euclidean,dim_663,CC,663
cos_elem_1853,cosine,dim_1853,CC,1853
cos_elem_1941,cosine,dim_1941,CC,1941
cos_elem_1856,cosine,dim_1856,CC,1856
euc_elem_1120,euclidean,dim_1120,CC,1120
euc_elem_271,euclidean,dim_271,CC,271
euc_elem_2437,euclidean,dim_2437,CC,2437
euc_elem_623,euclidean,dim_623,CC,623
euc_elem_653,euclidean,dim_653,CC,653
euc_elem_791,euclidean,dim_791,CC,791
euc_elem_607,euclidean,dim_607,CC,607
euc_elem_655,euclidean,dim_655,CC,655
euc_elem_888,euclidean,dim_888,CC,888
cos_elem_2000,cosine,dim_2000,CC,2000
cos_elem_1552,cosine,dim_1552,CC,1552
euc_elem_656,euclidean,dim_656,CC,656
cos_elem_1974,cosine,dim_1974,CC,1974
euc_elem_2844,euclidean,dim_2844,CC,2844
cos_elem_2756,cosine,dim_2756,CC,2756
cos_elem_2497,cosine,dim_2497,CC,2497
euc_elem_259,euclidean,dim_259,CC,259
cos_elem_2882,cosine,dim_2882,CC,2882
euc_elem_2787,euclidean,dim_2787,CC,2787
cos_elem_1591,cosine,dim_1591,CC,1591
euc_elem_1461,euclidean,dim_1461,CC,1461
euc_elem_1978,euclidean,dim_1978,CC,1978
euc_elem_342,euclidean,dim_342,CC,342
euc_elem_2794,euclidean,dim_2794,CC,2794
euc_elem_2424,euclidean,dim_2424,CC,2424
euc_elem_359,euclidean,dim_359,CC,359
cos_elem_1519,cosine,dim_1519,CC,1519
cos_elem_1771,cosine,dim_1771,CC,1771
cos_elem_1529,cosine,dim_1529,CC,1529
euc_elem_2280,euclidean,dim_2280,CC,2280
cos_elem_1547,cosine,dim_1547,CC,1547
euc_elem_982,euclidean,dim_982,CC,982
cos_elem_2972,cosine,dim_2972,CC,2972
euc_elem_2553,euclidean,dim_2553,CC,2553
euc_elem_3065,euclidean,dim_3065,CC,3065
cos_elem_2254,cosine,dim_2254,CC,2254
cos_elem_2956,cosine,dim_2956,CC,2956
euc_elem_618,euclidean,dim_618,CC,618
cos_elem_1185,cosine,dim_1185,CC,1185
euc_elem_1809,euclidean,dim_1809,CC,1809
euc_elem_1814,euclidean,dim_1814,CC,1814
euc_elem_966,euclidean,dim_966,CC,966
cos_elem_318,cosine,dim_318,CC,318
euc_elem_983,euclidean,dim_983,CC,983
euc_elem_1803,euclidean,dim_1803,CC,1803
euc_elem_3116,euclidean,dim_3116,CC,3116
euc_elem_3107,euclidean,dim_3107,CC,3107
cos_elem_3315,cosine,s_115,S,115
cos_elem_2897,cosine,dim_2897,CC,2897
cos_elem_1742,cosine,dim_1742,CC,1742
euc_elem_1528,euclidean,dim_1528,CC,1528
cos_elem_2976,cosine,dim_2976,CC,2976
cos_elem_1698,cosine,dim_1698,CC,1698
euc_elem_42,euclidean,dim_42,CC,42
euc_elem_3088,euclidean,dim_3088,CC,3088
cos_elem_389,cosine,dim_389,CC,389
cos_elem_3295,cosine,s_95,S,95
cos_elem_394,cosine,dim_394,CC,394
euc_elem_3115,euclidean,dim_3115,CC,3115
euc_elem_59,euclidean,dim_59,CC,59
euc_elem_981,euclidean,dim_981,CC,981
cos_elem_1174,cosine,dim_1174,CC,1174
cos_elem_2301,cosine,dim_2301,CC,2301
cos_elem_2286,cosine,dim_2286,CC,2286
cos_elem_3009,cosine,dim_3009,CC,3009
euc_elem_1555,euclidean,dim_1555,CC,1555
euc_elem_645,euclidean,dim_645,CC,645
euc_elem_644,euclidean,dim_644,CC,644
cos_elem_1723,cosine,dim_1723,CC,1723
euc_elem_2324,euclidean,dim_2324,CC,2324
euc_elem_1519,euclidean,dim_1519,CC,1519
cos_elem_2243,cosine,dim_2243,CC,2243
euc_elem_664,euclidean,dim_664,CC,664
cos_elem_2997,cosine,dim_2997,CC,2997
cos_elem_1719,cosine,dim_1719,CC,1719
euc_elem_1518,euclidean,dim_1518,CC,1518
cos_elem_2338,cosine,dim_2338,CC,2338
cos_elem_1697,cosine,dim_1697,CC,1697
cos_elem_1409,cosine,dim_1409,CC,1409
cos_elem_1517,cosine,dim_1517,CC,1517
cos_elem_1516,cosine,dim_1516,CC,1516
euc_elem_1428,euclidean,dim_1428,CC,1428
cos_elem_1544,cosine,dim_1544,CC,1544
euc_elem_2412,euclidean,dim_2412,CC,2412
euc_elem_2425,euclidean,dim_2425,CC,2425
euc_elem_1841,euclidean,dim_1841,CC,1841
cos_elem_55,cosine,dim_55,CC,55
euc_elem_794,euclidean,dim_794,CC,794
euc_elem_793,euclidean,dim_793,CC,793
cos_elem_9,cosine,dim_9,CC,9
cos_elem_1588,cosine,dim_1588,CC,1588
cos_elem_1264,cosine,dim_1264,CC,1264
euc_elem_1510,euclidean,dim_1510,CC,1510
cos_elem_1434,cosine,dim_1434,CC,1434
euc_elem_3092,euclidean,dim_3092,CC,3092
euc_elem_3151,euclidean,dim_3151,CC,3151
euc_elem_3150,euclidean,dim_3150,CC,3150
cos_elem_1629,cosine,dim_1629,CC,1629
euc_elem_2353,euclidean,dim_2353,CC,2353
cos_elem_1523,cosine,dim_1523,CC,1523
euc_elem_1448,euclidean,dim_1448,CC,1448
euc_elem_3169,euclidean,dim_3169,CC,3169
cos_elem_213,cosine,dim_213,CC,213
euc_elem_2429,euclidean,dim_2429,CC,2429
euc_elem_2444,euclidean,dim_2444,CC,2444
cos_elem_1585,cosine,dim_1585,CC,1585
euc_elem_1665,euclidean,dim_1665,CC,1665
euc_elem_1672,euclidean,dim_1672,CC,1672
euc_elem_1144,euclidean,dim_1144,CC,1144
euc_elem_445,euclidean,dim_445,CC,445
euc_elem_338,euclidean,dim_338,CC,338
cos_elem_793,cosine,dim_793,CC,793
euc_elem_1631,euclidean,dim_1631,CC,1631
cos_elem_1919,cosine,dim_1919,CC,1919
cos_elem_1943,cosine,dim_1943,CC,1943
cos_elem_2825,cosine,dim_2825,CC,2825
cos_elem_2824,cosine,dim_2824,CC,2824
euc_elem_1705,euclidean,dim_1705,CC,1705
euc_elem_1721,euclidean,dim_1721,CC,1721
euc_elem_1417,euclidean,dim_1417,CC,1417
euc_elem_2821,euclidean,dim_2821,CC,2821
cos_elem_2007,cosine,dim_2007,CC,2007
euc_elem_1837,euclidean,dim_1837,CC,1837
cos_elem_738,cosine,dim_738,CC,738
cos_elem_2060,cosine,dim_2060,CC,2060
euc_elem_2090,euclidean,dim_2090,CC,2090
cos_elem_2424,cosine,dim_2424,CC,2424
cos_elem_3183,cosine,dim_3183,CC,3183
cos_elem_190,cosine,dim_190,CC,190
euc_elem_717,euclidean,dim_717,CC,717
euc_elem_726,euclidean,dim_726,CC,726
euc_elem_1414,euclidean,dim_1414,CC,1414
euc_elem_1409,euclidean,dim_1409,CC,1409
euc_elem_1440,euclidean,dim_1440,CC,1440
cos_elem_2778,cosine,dim_2778,CC,2778
euc_elem_2490,euclidean,dim_2490,CC,2490
cos_elem_1390,cosine,dim_1390,CC,1390
euc_elem_1395,euclidean,dim_1395,CC,1395
euc_elem_694,euclidean,dim_694,CC,694
cos_elem_300,cosine,dim_300,CC,300
euc_elem_708,euclidean,dim_708,CC,708
euc_elem_691,euclidean,dim_691,CC,691
euc_elem_3158,euclidean,dim_3158,CC,3158
cos_elem_359,cosine,dim_359,CC,359
euc_elem_699,euclidean,dim_699,CC,699
euc_elem_742,euclidean,dim_742,CC,742
euc_elem_680,euclidean,dim_680,CC,680
euc_elem_678,euclidean,dim_678,CC,678
euc_elem_2438,euclidean,dim_2438,CC,2438
euc_elem_2319,euclidean,dim_2319,CC,2319
cos_elem_1665,cosine,dim_1665,CC,1665
cos_elem_1604,cosine,dim_1604,CC,1604
cos_elem_1737,cosine,dim_1737,CC,1737
cos_elem_3008,cosine,dim_3008,CC,3008
cos_elem_353,cosine,dim_353,CC,353
euc_elem_3074,euclidean,dim_3074,CC,3074
cos_elem_3294,cosine,s_94,S,94
cos_elem_1693,cosine,dim_1693,CC,1693
euc_elem_2339,euclidean,dim_2339,CC,2339
euc_elem_1801,euclidean,dim_1801,CC,1801
cos_elem_2228,cosine,dim_2228,CC,2228
cos_elem_2571,cosine,dim_2571,CC,2571
cos_elem_2568,cosine,dim_2568,CC,2568
euc_elem_686,euclidean,dim_686,CC,686
euc_elem_1887,euclidean,dim_1887,CC,1887
cos_elem_2518,cosine,dim_2518,CC,2518
cos_elem_2521,cosine,dim_2521,CC,2521
euc_elem_1862,euclidean,dim_1862,CC,1862
euc_elem_1871,euclidean,dim_1871,CC,1871
euc_elem_2368,euclidean,dim_2368,CC,2368
euc_elem_2376,euclidean,dim_2376,CC,2376
cos_elem_1389,cosine,dim_1389,CC,1389
cos_elem_1384,cosine,dim_1384,CC,1384
cos_elem_267,cosine,dim_267,CC,267
cos_elem_1327,cosine,dim_1327,CC,1327
cos_elem_3224,cosine,s_24,S,24
euc_elem_1506,euclidean,dim_1506,CC,1506
cos_elem_294,cosine,dim_294,CC,294
euc_elem_1507,euclidean,dim_1507,CC,1507
cos_elem_2356,cosine,dim_2356,CC,2356
euc_elem_1941,euclidean,dim_1941,CC,1941
cos_elem_273,cosine,dim_273,CC,273
cos_elem_2355,cosine,dim_2355,CC,2355
cos_elem_2351,cosine,dim_2351,CC,2351
cos_elem_2531,cosine,dim_2531,CC,2531
cos_elem_2274,cosine,dim_2274,CC,2274
cos_elem_2360,cosine,dim_2360,CC,2360
euc_elem_2484,euclidean,dim_2484,CC,2484
euc_elem_1354,euclidean,dim_1354,CC,1354
euc_elem_2469,euclidean,dim_2469,CC,2469
cos_elem_3301,cosine,s_101,S,101
cos_elem_3220,cosine,s_20,S,20
euc_elem_1505,euclidean,dim_1505,CC,1505
cos_elem_632,cosine,dim_632,CC,632
cos_elem_959,cosine,dim_959,CC,959
cos_elem_958,cosine,dim_958,CC,958
euc_elem_2748,euclidean,dim_2748,CC,2748
euc_elem_2762,euclidean,dim_2762,CC,2762
euc_elem_1751,euclidean,dim_1751,CC,1751
cos_elem_2115,cosine,dim_2115,CC,2115
cos_elem_2125,cosine,dim_2125,CC,2125
cos_elem_2045,cosine,dim_2045,CC,2045
cos_elem_2039,cosine,dim_2039,CC,2039
euc_elem_1096,euclidean,dim_1096,CC,1096
euc_elem_2171,euclidean,dim_2171,CC,2171
cos_elem_871,cosine,dim_871,CC,871
cos_elem_886,cosine,dim_886,CC,886
cos_elem_387,cosine,dim_387,CC,387
euc_elem_2805,euclidean,dim_2805,CC,2805
cos_elem_669,cosine,dim_669,CC,669
cos_elem_667,cosine,dim_667,CC,667
cos_elem_1968,cosine,dim_1968,CC,1968
cos_elem_1984,cosine,dim_1984,CC,1984
cos_elem_1915,cosine,dim_1915,CC,1915
cos_elem_2780,cosine,dim_2780,CC,2780
cos_elem_1975,cosine,dim_1975,CC,1975
euc_elem_2148,euclidean,dim_2148,CC,2148
euc_elem_2127,euclidean,dim_2127,CC,2127
euc_elem_423,euclidean,dim_423,CC,423
cos_elem_601,cosine,dim_601,CC,601
euc_elem_464,euclidean,dim_464,CC,464
euc_elem_1623,euclidean,dim_1623,CC,1623
euc_elem_1640,euclidean,dim_1640,CC,1640
cos_elem_882,cosine,dim_882,CC,882
euc_elem_482,euclidean,dim_482,CC,482
euc_elem_433,euclidean,dim_433,CC,433
euc_elem_1732,euclidean,dim_1732,CC,1732
euc_elem_1731,euclidean,dim_1731,CC,1731
euc_elem_1738,euclidean,dim_1738,CC,1738
euc_elem_2228,euclidean,dim_2228,CC,2228
euc_elem_2225,euclidean,dim_2225,CC,2225
euc_elem_2155,euclidean,dim_2155,CC,2155
euc_elem_2200,euclidean,dim_2200,CC,2200
cos_elem_2855,cosine,dim_2855,CC,2855
cos_elem_2852,cosine,dim_2852,CC,2852
euc_elem_2940,euclidean,dim_2940,CC,2940
euc_elem_2939,euclidean,dim_2939,CC,2939
euc_elem_453,euclidean,dim_453,CC,453
euc_elem_1189,euclidean,dim_1189,CC,1189
euc_elem_2913,euclidean,dim_2913,CC,2913
cos_elem_610,cosine,dim_610,CC,610
euc_elem_2888,euclidean,dim_2888,CC,2888
euc_elem_2893,euclidean,dim_2893,CC,2893
euc_elem_2934,euclidean,dim_2934,CC,2934
euc_elem_2886,euclidean,dim_2886,CC,2886
euc_elem_542,euclidean,dim_542,CC,542
cos_elem_838,cosine,dim_838,CC,838
euc_elem_1158,euclidean,dim_1158,CC,1158
cos_elem_2080,cosine,dim_2080,CC,2080
cos_elem_2095,cosine,dim_2095,CC,2095
cos_elem_2004,cosine,dim_2004,CC,2004
cos_elem_1001,cosine,dim_1001,CC,1001
cos_elem_1015,cosine,dim_1015,CC,1015
cos_elem_1014,cosine,dim_1014,CC,1014
euc_elem_2743,euclidean,dim_2743,CC,2743
euc_elem_1185,euclidean,dim_1185,CC,1185
cos_elem_2313,cosine,dim_2313,CC,2313
cos_elem_2330,cosine,dim_2330,CC,2330
cos_elem_3023,cosine,dim_3023,CC,3023
cos_elem_1495,cosine,dim_1495,CC,1495
cos_elem_1573,cosine,dim_1573,CC,1573
euc_elem_2350,euclidean,dim_2350,CC,2350
cos_elem_1488,cosine,dim_1488,CC,1488
cos_elem_3133,cosine,dim_3133,CC,3133
cos_elem_1442,cosine,dim_1442,CC,1442
euc_elem_1475,euclidean,dim_1475,CC,1475
cos_elem_1572,cosine,dim_1572,CC,1572
euc_elem_1853,euclidean,dim_1853,CC,1853
euc_elem_845,euclidean,dim_845,CC,845
euc_elem_859,euclidean,dim_859,CC,859
cos_elem_1,cosine,dim_1,CC,1
cos_elem_2738,cosine,dim_2738,CC,2738
euc_elem_3321,euclidean,s_121,S,121
euc_elem_3256,euclidean,s_56,S,56
euc_elem_3234,euclidean,s_34,S,34
cos_elem_690,cosine,dim_690,CC,690
euc_elem_803,euclidean,dim_803,CC,803
euc_elem_3210,euclidean,s_10,S,10
euc_elem_908,euclidean,dim_908,CC,908
euc_elem_905,euclidean,dim_905,CC,905
euc_elem_901,euclidean,dim_901,CC,901
euc_elem_900,euclidean,dim_900,CC,900
cos_elem_106,cosine,dim_106,CC,106
cos_elem_118,cosine,dim_118,CC,118
cos_elem_2400,cosine,dim_2400,CC,2400
euc_elem_3298,euclidean,s_98,S,98
euc_elem_3291,euclidean,s_91,S,91
euc_elem_3302,euclidean,s_102,S,102
cos_elem_2748,cosine,dim_2748,CC,2748
euc_elem_2084,euclidean,dim_2084,CC,2084
euc_elem_2095,euclidean,dim_2095,CC,2095
euc_elem_2093,euclidean,dim_2093,CC,2093
cos_elem_2743,cosine,dim_2743,CC,2743
cos_elem_2740,cosine,dim_2740,CC,2740
euc_elem_294,euclidean,dim_294,CC,294
euc_elem_293,euclidean,dim_293,CC,293
euc_elem_2126,euclidean,dim_2126,CC,2126
cos_elem_790,cosine,dim_790,CC,790
euc_elem_2838,euclidean,dim_2838,CC,2838
cos_elem_757,cosine,dim_757,CC,757
cos_elem_834,cosine,dim_834,CC,834
cos_elem_731,cosine,dim_731,CC,731
euc_elem_1103,euclidean,dim_1103,CC,1103
euc_elem_763,euclidean,dim_763,CC,763
cos_elem_703,cosine,dim_703,CC,703
cos_elem_618,cosine,dim_618,CC,618
euc_elem_2863,euclidean,dim_2863,CC,2863
euc_elem_2880,euclidean,dim_2880,CC,2880
euc_elem_305,euclidean,dim_305,CC,305
euc_elem_2799,euclidean,dim_2799,CC,2799
euc_elem_444,euclidean,dim_444,CC,444
cos_elem_662,cosine,dim_662,CC,662
euc_elem_466,euclidean,dim_466,CC,466
cos_elem_720,cosine,dim_720,CC,720
cos_elem_705,cosine,dim_705,CC,705
cos_elem_2490,cosine,dim_2490,CC,2490
cos_elem_1461,cosine,dim_1461,CC,1461
euc_elem_3182,euclidean,dim_3182,CC,3182
euc_elem_3201,euclidean,s_1,S,1
euc_elem_1124,euclidean,dim_1124,CC,1124
euc_elem_2231,euclidean,dim_2231,CC,2231
cos_elem_1721,cosine,dim_1721,CC,1721
cos_elem_424,cosine,dim_424,CC,424
cos_elem_369,cosine,dim_369,CC,369
cos_elem_2875,cosine,dim_2875,CC,2875
cos_elem_2874,cosine,dim_2874,CC,2874
euc_elem_671,euclidean,dim_671,CC,671
cos_elem_379,cosine,dim_379,CC,379
cos_elem_371,cosine,dim_371,CC,371
cos_elem_463,cosine,dim_463,CC,463
euc_elem_1243,euclidean,dim_1243,CC,1243
cos_elem_1022,cosine,dim_1022,CC,1022
euc_elem_96,euclidean,dim_96,CC,96
euc_elem_171,euclidean,dim_171,CC,171
euc_elem_24,euclidean,dim_24,CC,24
cos_elem_860,cosine,dim_860,CC,860
euc_elem_2614,euclidean,dim_2614,CC,2614
euc_elem_2634,euclidean,dim_2634,CC,2634
cos_elem_2540,cosine,dim_2540,CC,2540
cos_elem_2634,cosine,dim_2634,CC,2634
euc_elem_33,euclidean,dim_33,CC,33
euc_elem_112,euclidean,dim_112,CC,112
euc_elem_1297,euclidean,dim_1297,CC,1297
euc_elem_1974,euclidean,dim_1974,CC,1974
cos_elem_2580,cosine,dim_2580,CC,2580
cos_elem_2157,cosine,dim_2157,CC,2157
cos_elem_2153,cosine,dim_2153,CC,2153
cos_elem_2641,cosine,dim_2641,CC,2641
cos_elem_2636,cosine,dim_2636,CC,2636
cos_elem_1827,cosine,dim_1827,CC,1827
cos_elem_2913,cosine,dim_2913,CC,2913
euc_elem_2617,euclidean,dim_2617,CC,2617
cos_elem_1113,cosine,dim_1113,CC,1113
euc_elem_1015,euclidean,dim_1015,CC,1015
cos_elem_482,cosine,dim_482,CC,482
cos_elem_491,cosine,dim_491,CC,491
cos_elem_1274,cosine,dim_1274,CC,1274
euc_elem_2580,euclidean,dim_2580,CC,2580
euc_elem_1287,euclidean,dim_1287,CC,1287
cos_elem_1102,cosine,dim_1102,CC,1102
euc_elem_3068,euclidean,dim_3068,CC,3068
cos_elem_423,cosine,dim_423,CC,423
euc_elem_1312,euclidean,dim_1312,CC,1312
euc_elem_1321,euclidean,dim_1321,CC,1321
euc_elem_1335,euclidean,dim_1335,CC,1335
cos_elem_1226,cosine,dim_1226,CC,1226
euc_elem_2595,euclidean,dim_2595,CC,2595
euc_elem_2264,euclidean,dim_2264,CC,2264
euc_elem_1988,euclidean,dim_1988,CC,1988
cos_elem_2594,cosine,dim_2594,CC,2594
euc_elem_1968,euclidean,dim_1968,CC,1968
cos_elem_400,cosine,dim_400,CC,400
euc_elem_3072,euclidean,dim_3072,CC,3072
euc_elem_2289,euclidean,dim_2289,CC,2289
cos_elem_1147,cosine,dim_1147,CC,1147
euc_elem_63,euclidean,dim_63,CC,63
euc_elem_85,euclidean,dim_85,CC,85
cos_elem_504,cosine,dim_504,CC,504
euc_elem_1065,euclidean,dim_1065,CC,1065
euc_elem_1962,euclidean,dim_1962,CC,1962
euc_elem_2301,euclidean,dim_2301,CC,2301
euc_elem_2270,euclidean,dim_2270,CC,2270
euc_elem_2268,euclidean,dim_2268,CC,2268
euc_elem_1993,euclidean,dim_1993,CC,1993
cos_elem_2621,cosine,dim_2621,CC,2621
cos_elem_2673,cosine,dim_2673,CC,2673
euc_elem_2677,euclidean,dim_2677,CC,2677
euc_elem_213,euclidean,dim_213,CC,213
euc_elem_1216,euclidean,dim_1216,CC,1216
euc_elem_1227,euclidean,dim_1227,CC,1227
euc_elem_182,euclidean,dim_182,CC,182
euc_elem_155,euclidean,dim_155,CC,155
cos_elem_562,cosine,dim_562,CC,562
euc_elem_443,euclidean,dim_443,CC,443
euc_elem_1091,euclidean,dim_1091,CC,1091
euc_elem_1070,euclidean,dim_1070,CC,1070
cos_elem_903,cosine,dim_903,CC,903
cos_elem_998,cosine,dim_998,CC,998
euc_elem_267,euclidean,dim_267,CC,267
cos_elem_2922,cosine,dim_2922,CC,2922
euc_elem_288,euclidean,dim_288,CC,288
euc_elem_285,euclidean,dim_285,CC,285
euc_elem_1193,euclidean,dim_1193,CC,1193
cos_elem_1043,cosine,dim_1043,CC,1043
euc_elem_2712,euclidean,dim_2712,CC,2712
euc_elem_2661,euclidean,dim_2661,CC,2661
euc_elem_2716,euclidean,dim_2716,CC,2716
euc_elem_2715,euclidean,dim_2715,CC,2715
cos_elem_1068,cosine,dim_1068,CC,1068
euc_elem_2258,euclidean,dim_2258,CC,2258
euc_elem_2255,euclidean,dim_2255,CC,2255
euc_elem_2239,euclidean,dim_2239,CC,2239
cos_elem_2801,cosine,dim_2801,CC,2801
cos_elem_2818,cosine,dim_2818,CC,2818
euc_elem_239,euclidean,dim_239,CC,239
euc_elem_266,euclidean,dim_266,CC,266
cos_elem_2873,cosine,dim_2873,CC,2873
euc_elem_1572,euclidean,dim_1572,CC,1572
euc_elem_1585,euclidean,dim_1585,CC,1585
euc_elem_1025,euclidean,dim_1025,CC,1025
euc_elem_994,euclidean,dim_994,CC,994
cos_elem_449,cosine,dim_449,CC,449
cos_elem_507,cosine,dim_507,CC,507
cos_elem_1862,cosine,dim_1862,CC,1862
cos_elem_1833,cosine,dim_1833,CC,1833
cos_elem_2645,cosine,dim_2645,CC,2645
euc_elem_1796,euclidean,dim_1796,CC,1796
euc_elem_1744,euclidean,dim_1744,CC,1744
cos_elem_454,cosine,dim_454,CC,454
euc_elem_507,euclidean,dim_507,CC,507
cos_elem_2205,cosine,dim_2205,CC,2205
cos_elem_2706,cosine,dim_2706,CC,2706
cos_elem_2109,cosine,dim_2109,CC,2109
euc_elem_1757,euclidean,dim_1757,CC,1757
euc_elem_190,euclidean,dim_190,CC,190
euc_elem_1264,euclidean,dim_1264,CC,1264
cos_elem_1891,cosine,dim_1891,CC,1891
cos_elem_1904,cosine,dim_1904,CC,1904
euc_elem_2248,euclidean,dim_2248,CC,2248
euc_elem_576,euclidean,dim_576,CC,576
euc_elem_590,euclidean,dim_590,CC,590
euc_elem_493,euclidean,dim_493,CC,493
euc_elem_1256,euclidean,dim_1256,CC,1256
euc_elem_141,euclidean,dim_141,CC,141
cos_elem_2133,cosine,dim_2133,CC,2133
euc_elem_2041,euclidean,dim_2041,CC,2041
cos_elem_2686,cosine,dim_2686,CC,2686
euc_elem_2028,euclidean,dim_2028,CC,2028
euc_elem_3268,euclidean,s_68,S,68
euc_elem_860,euclidean,dim_860,CC,860
euc_elem_3208,euclidean,s_8,S,8
euc_elem_3228,euclidean,s_28,S,28
cos_elem_142,cosine,dim_142,CC,142
cos_elem_144,cosine,dim_144,CC,144
euc_elem_903,euclidean,dim_903,CC,903
euc_elem_895,euclidean,dim_895,CC,895
euc_elem_897,euclidean,dim_897,CC,897
cos_elem_180,cosine,dim_180,CC,180
cos_elem_182,cosine,dim_182,CC,182
cos_elem_187,cosine,dim_187,CC,187
cos_elem_2401,cosine,dim_2401,CC,2401
cos_elem_2402,cosine,dim_2402,CC,2402
cos_elem_108,cosine,dim_108,CC,108
cos_elem_38,cosine,dim_38,CC,38
cos_elem_86,cosine,dim_86,CC,86
cos_elem_91,cosine,dim_91,CC,91
euc_elem_919,euclidean,dim_919,CC,919
euc_elem_714,euclidean,dim_714,CC,714
cos_elem_170,cosine,dim_170,CC,170
cos_elem_178,cosine,dim_178,CC,178
cos_elem_168,cosine,dim_168,CC,168
cos_elem_201,cosine,dim_201,CC,201
cos_elem_92,cosine,dim_92,CC,92
euc_elem_867,euclidean,dim_867,CC,867
cos_elem_212,cosine,dim_212,CC,212
cos_elem_136,cosine,dim_136,CC,136
cos_elem_138,cosine,dim_138,CC,138
cos_elem_192,cosine,dim_192,CC,192
cos_elem_193,cosine,dim_193,CC,193
euc_elem_930,euclidean,dim_930,CC,930
euc_elem_910,euclidean,dim_910,CC,910
euc_elem_825,euclidean,dim_825,CC,825
cos_elem_2510,cosine,dim_2510,CC,2510
cos_elem_2494,cosine,dim_2494,CC,2494
cos_elem_2498,cosine,dim_2498,CC,2498
cos_elem_2431,cosine,dim_2431,CC,2431
euc_elem_1872,euclidean,dim_1872,CC,1872
euc_elem_1875,euclidean,dim_1875,CC,1875
euc_elem_1863,euclidean,dim_1863,CC,1863
cos_elem_226,cosine,dim_226,CC,226
euc_elem_770,euclidean,dim_770,CC,770
euc_elem_1885,euclidean,dim_1885,CC,1885
cos_elem_2305,cosine,dim_2305,CC,2305
cos_elem_2307,cosine,dim_2307,CC,2307
cos_elem_2373,cosine,dim_2373,CC,2373
cos_elem_2516,cosine,dim_2516,CC,2516
cos_elem_2517,cosine,dim_2517,CC,2517
cos_elem_2507,cosine,dim_2507,CC,2507
cos_elem_1445,cosine,dim_1445,CC,1445
cos_elem_1446,cosine,dim_1446,CC,1446
euc_elem_2449,euclidean,dim_2449,CC,2449
euc_elem_2458,euclidean,dim_2458,CC,2458
euc_elem_2391,euclidean,dim_2391,CC,2391
euc_elem_2400,euclidean,dim_2400,CC,2400
euc_elem_2357,euclidean,dim_2357,CC,2357
cos_elem_1625,cosine,dim_1625,CC,1625
cos_elem_3141,cosine,dim_3141,CC,3141
euc_elem_1374,euclidean,dim_1374,CC,1374
cos_elem_3107,cosine,dim_3107,CC,3107
cos_elem_3151,cosine,dim_3151,CC,3151
cos_elem_1475,cosine,dim_1475,CC,1475
cos_elem_1462,cosine,dim_1462,CC,1462
cos_elem_1463,cosine,dim_1463,CC,1463
cos_elem_1468,cosine,dim_1468,CC,1468
cos_elem_1559,cosine,dim_1559,CC,1559
cos_elem_1560,cosine,dim_1560,CC,1560
cos_elem_1561,cosine,dim_1561,CC,1561
cos_elem_1507,cosine,dim_1507,CC,1507
cos_elem_1496,cosine,dim_1496,CC,1496
cos_elem_1485,cosine,dim_1485,CC,1485
cos_elem_1506,cosine,dim_1506,CC,1506
cos_elem_3140,cosine,dim_3140,CC,3140
cos_elem_3075,cosine,dim_3075,CC,3075
cos_elem_3078,cosine,dim_3078,CC,3078
cos_elem_3180,cosine,dim_3180,CC,3180
euc_elem_1436,euclidean,dim_1436,CC,1436
cos_elem_3030,cosine,dim_3030,CC,3030
euc_elem_1485,euclidean,dim_1485,CC,1485
euc_elem_1472,euclidean,dim_1472,CC,1472
cos_elem_1577,cosine,dim_1577,CC,1577
cos_elem_1364,cosine,dim_1364,CC,1364
euc_elem_1384,euclidean,dim_1384,CC,1384
euc_elem_1385,euclidean,dim_1385,CC,1385
euc_elem_1373,euclidean,dim_1373,CC,1373
euc_elem_1375,euclidean,dim_1375,CC,1375
euc_elem_1379,euclidean,dim_1379,CC,1379
euc_elem_1513,euclidean,dim_1513,CC,1513
euc_elem_1515,euclidean,dim_1515,CC,1515
cos_elem_1437,cosine,dim_1437,CC,1437
cos_elem_1438,cosine,dim_1438,CC,1438
cos_elem_1419,cosine,dim_1419,CC,1419
cos_elem_1420,cosine,dim_1420,CC,1420
cos_elem_1421,cosine,dim_1421,CC,1421
cos_elem_1354,cosine,dim_1354,CC,1354
cos_elem_1435,cosine,dim_1435,CC,1435
cos_elem_1395,cosine,dim_1395,CC,1395
euc_elem_1462,euclidean,dim_1462,CC,1462
euc_elem_1451,euclidean,dim_1451,CC,1451
euc_elem_1452,euclidean,dim_1452,CC,1452
cos_elem_3100,cosine,dim_3100,CC,3100
cos_elem_3104,cosine,dim_3104,CC,3104
cos_elem_3088,cosine,dim_3088,CC,3088
euc_elem_1509,euclidean,dim_1509,CC,1509
euc_elem_2453,euclidean,dim_2453,CC,2453
cos_elem_1628,cosine,dim_1628,CC,1628
cos_elem_1632,cosine,dim_1632,CC,1632
cos_elem_1612,cosine,dim_1612,CC,1612
cos_elem_1534,cosine,dim_1534,CC,1534
cos_elem_1535,cosine,dim_1535,CC,1535
cos_elem_1518,cosine,dim_1518,CC,1518
cos_elem_1525,cosine,dim_1525,CC,1525
cos_elem_1531,cosine,dim_1531,CC,1531
euc_elem_2472,euclidean,dim_2472,CC,2472
cos_elem_1359,cosine,dim_1359,CC,1359
euc_elem_2481,euclidean,dim_2481,CC,2481
cos_elem_1271,cosine,dim_1271,CC,1271
cos_elem_1260,cosine,dim_1260,CC,1260
cos_elem_1262,cosine,dim_1262,CC,1262
euc_elem_1345,euclidean,dim_1345,CC,1345
euc_elem_1347,euclidean,dim_1347,CC,1347
euc_elem_2496,euclidean,dim_2496,CC,2496
cos_elem_3255,cosine,s_55,S,55
cos_elem_3244,cosine,s_44,S,44
cos_elem_3158,cosine,dim_3158,CC,3158
cos_elem_3159,cosine,dim_3159,CC,3159
cos_elem_3161,cosine,dim_3161,CC,3161
euc_elem_1390,euclidean,dim_1390,CC,1390
euc_elem_2486,euclidean,dim_2486,CC,2486
euc_elem_2378,euclidean,dim_2378,CC,2378
euc_elem_2364,euclidean,dim_2364,CC,2364
cos_elem_1562,cosine,dim_1562,CC,1562
euc_elem_2309,euclidean,dim_2309,CC,2309
euc_elem_2313,euclidean,dim_2313,CC,2313
euc_elem_2318,euclidean,dim_2318,CC,2318
cos_elem_1398,cosine,dim_1398,CC,1398
cos_elem_1368,cosine,dim_1368,CC,1368
euc_elem_1497,euclidean,dim_1497,CC,1497
euc_elem_1489,euclidean,dim_1489,CC,1489
cos_elem_1659,cosine,dim_1659,CC,1659
cos_elem_1660,cosine,dim_1660,CC,1660
cos_elem_1646,cosine,dim_1646,CC,1646
cos_elem_1634,cosine,dim_1634,CC,1634
cos_elem_1640,cosine,dim_1640,CC,1640
cos_elem_1672,cosine,dim_1672,CC,1672
cos_elem_3316,cosine,s_116,S,116
cos_elem_3311,cosine,s_111,S,111
euc_elem_1327,euclidean,dim_1327,CC,1327
cos_elem_3238,cosine,s_38,S,38
euc_elem_1357,euclidean,dim_1357,CC,1357
euc_elem_1362,euclidean,dim_1362,CC,1362
euc_elem_1350,euclidean,dim_1350,CC,1350
euc_elem_1351,euclidean,dim_1351,CC,1351
euc_elem_2499,euclidean,dim_2499,CC,2499
euc_elem_2506,euclidean,dim_2506,CC,2506
cos_elem_1307,cosine,dim_1307,CC,1307
euc_elem_2507,euclidean,dim_2507,CC,2507
euc_elem_2571,euclidean,dim_2571,CC,2571
euc_elem_2573,euclidean,dim_2573,CC,2573
euc_elem_2564,euclidean,dim_2564,CC,2564
euc_elem_2554,euclidean,dim_2554,CC,2554
cos_elem_1595,cosine,dim_1595,CC,1595
cos_elem_3050,cosine,dim_3050,CC,3050
cos_elem_2965,cosine,dim_2965,CC,2965
cos_elem_2951,cosine,dim_2951,CC,2951
cos_elem_2957,cosine,dim_2957,CC,2957
cos_elem_3016,cosine,dim_3016,CC,3016
cos_elem_1732,cosine,dim_1732,CC,1732
euc_elem_2515,euclidean,dim_2515,CC,2515
euc_elem_1348,euclidean,dim_1348,CC,1348
cos_elem_3302,cosine,s_102,S,102
cos_elem_3305,cosine,s_105,S,105
cos_elem_3293,cosine,s_93,S,93
euc_elem_1341,euclidean,dim_1341,CC,1341
cos_elem_1704,cosine,dim_1704,CC,1704
cos_elem_1617,cosine,dim_1617,CC,1617
cos_elem_1623,cosine,dim_1623,CC,1623
cos_elem_3279,cosine,s_79,S,79
cos_elem_3281,cosine,s_81,S,81
euc_elem_10,euclidean,dim_10,CC,10
euc_elem_2278,euclidean,dim_2278,CC,2278
cos_elem_1769,cosine,dim_1769,CC,1769
cos_elem_1770,cosine,dim_1770,CC,1770
cos_elem_1699,cosine,dim_1699,CC,1699
cos_elem_1684,cosine,dim_1684,CC,1684
cos_elem_1186,cosine,dim_1186,CC,1186
cos_elem_1272,cosine,dim_1272,CC,1272
cos_elem_1177,cosine,dim_1177,CC,1177
euc_elem_47,euclidean,dim_47,CC,47
euc_elem_37,euclidean,dim_37,CC,37
cos_elem_3298,cosine,s_98,S,98
cos_elem_3289,cosine,s_89,S,89
cos_elem_3273,cosine,s_73,S,73
euc_elem_1521,euclidean,dim_1521,CC,1521
euc_elem_1557,euclidean,dim_1557,CC,1557
euc_elem_1546,euclidean,dim_1546,CC,1546
cos_elem_2991,cosine,dim_2991,CC,2991
euc_elem_1541,euclidean,dim_1541,CC,1541
euc_elem_2274,euclidean,dim_2274,CC,2274
cos_elem_1266,cosine,dim_1266,CC,1266
cos_elem_1182,cosine,dim_1182,CC,1182
euc_elem_1352,euclidean,dim_1352,CC,1352
cos_elem_1728,cosine,dim_1728,CC,1728
cos_elem_1714,cosine,dim_1714,CC,1714
cos_elem_1716,cosine,dim_1716,CC,1716
euc_elem_2335,euclidean,dim_2335,CC,2335
euc_elem_2336,euclidean,dim_2336,CC,2336
euc_elem_2338,euclidean,dim_2338,CC,2338
cos_elem_3000,cosine,dim_3000,CC,3000
cos_elem_1210,cosine,dim_1210,CC,1210
cos_elem_1111,cosine,dim_1111,CC,1111
cos_elem_1104,cosine,dim_1104,CC,1104
cos_elem_1200,cosine,dim_1200,CC,1200
cos_elem_1091,cosine,dim_1091,CC,1091
cos_elem_1095,cosine,dim_1095,CC,1095
euc_elem_1274,euclidean,dim_1274,CC,1274
euc_elem_1280,euclidean,dim_1280,CC,1280
euc_elem_2605,euclidean,dim_2605,CC,2605
euc_elem_2600,euclidean,dim_2600,CC,2600
euc_elem_2585,euclidean,dim_2585,CC,2585
euc_elem_2589,euclidean,dim_2589,CC,2589
cos_elem_1283,cosine,dim_1283,CC,1283
cos_elem_1286,cosine,dim_1286,CC,1286
euc_elem_2593,euclidean,dim_2593,CC,2593
cos_elem_1205,cosine,dim_1205,CC,1205
cos_elem_2885,cosine,dim_2885,CC,2885
euc_elem_1308,euclidean,dim_1308,CC,1308
euc_elem_1310,euclidean,dim_1310,CC,1310
euc_elem_1315,euclidean,dim_1315,CC,1315
cos_elem_1243,cosine,dim_1243,CC,1243
cos_elem_1218,cosine,dim_1218,CC,1218
cos_elem_1222,cosine,dim_1222,CC,1222
cos_elem_1137,cosine,dim_1137,CC,1137
cos_elem_1686,cosine,dim_1686,CC,1686
cos_elem_1784,cosine,dim_1784,CC,1784
cos_elem_1691,cosine,dim_1691,CC,1691
euc_elem_1530,euclidean,dim_1530,CC,1530
euc_elem_1531,euclidean,dim_1531,CC,1531
cos_elem_2969,cosine,dim_2969,CC,2969
cos_elem_2896,cosine,dim_2896,CC,2896
cos_elem_2880,cosine,dim_2880,CC,2880
euc_elem_110,euclidean,dim_110,CC,110
euc_elem_22,euclidean,dim_22,CC,22
euc_elem_1293,euclidean,dim_1293,CC,1293
euc_elem_2629,euclidean,dim_2629,CC,2629
euc_elem_2631,euclidean,dim_2631,CC,2631
euc_elem_2618,euclidean,dim_2618,CC,2618
cos_elem_1041,cosine,dim_1041,CC,1041
euc_elem_2615,euclidean,dim_2615,CC,2615
euc_elem_68,euclidean,dim_68,CC,68
cos_elem_1143,cosine,dim_1143,CC,1143
cos_elem_1056,cosine,dim_1056,CC,1056
euc_elem_2636,euclidean,dim_2636,CC,2636
euc_elem_2637,euclidean,dim_2637,CC,2637
euc_elem_132,euclidean,dim_132,CC,132
euc_elem_118,euclidean,dim_118,CC,118
euc_elem_121,euclidean,dim_121,CC,121
euc_elem_2269,euclidean,dim_2269,CC,2269
euc_elem_2306,euclidean,dim_2306,CC,2306
euc_elem_2307,euclidean,dim_2307,CC,2307
euc_elem_2293,euclidean,dim_2293,CC,2293
euc_elem_2282,euclidean,dim_2282,CC,2282
euc_elem_2283,euclidean,dim_2283,CC,2283
cos_elem_1850,cosine,dim_1850,CC,1850
cos_elem_1836,cosine,dim_1836,CC,1836
euc_elem_1282,euclidean,dim_1282,CC,1282
euc_elem_1267,euclidean,dim_1267,CC,1267
euc_elem_1295,euclidean,dim_1295,CC,1295
euc_elem_1337,euclidean,dim_1337,CC,1337
euc_elem_1317,euclidean,dim_1317,CC,1317
cos_elem_1802,cosine,dim_1802,CC,1802
cos_elem_1791,cosine,dim_1791,CC,1791
euc_elem_2266,euclidean,dim_2266,CC,2266
euc_elem_205,euclidean,dim_205,CC,205
euc_elem_192,euclidean,dim_192,CC,192
euc_elem_104,euclidean,dim_104,CC,104
euc_elem_1251,euclidean,dim_1251,CC,1251
euc_elem_114,euclidean,dim_114,CC,114
euc_elem_2626,euclidean,dim_2626,CC,2626
euc_elem_2193,euclidean,dim_2193,CC,2193
euc_elem_2196,euclidean,dim_2196,CC,2196
cos_elem_1088,cosine,dim_1088,CC,1088
euc_elem_2680,euclidean,dim_2680,CC,2680
euc_elem_2672,euclidean,dim_2672,CC,2672
euc_elem_2676,euclidean,dim_2676,CC,2676
euc_elem_144,euclidean,dim_144,CC,144
euc_elem_199,euclidean,dim_199,CC,199
euc_elem_201,euclidean,dim_201,CC,201
euc_elem_204,euclidean,dim_204,CC,204
cos_elem_1763,cosine,dim_1763,CC,1763
cos_elem_1821,cosine,dim_1821,CC,1821
cos_elem_1822,cosine,dim_1822,CC,1822
cos_elem_2915,cosine,dim_2915,CC,2915
euc_elem_1590,euclidean,dim_1590,CC,1590
euc_elem_1601,euclidean,dim_1601,CC,1601
euc_elem_1570,euclidean,dim_1570,CC,1570
cos_elem_1070,cosine,dim_1070,CC,1070
cos_elem_1020,cosine,dim_1020,CC,1020
cos_elem_1083,cosine,dim_1083,CC,1083
euc_elem_1238,euclidean,dim_1238,CC,1238
euc_elem_1229,euclidean,dim_1229,CC,1229
euc_elem_1257,euclidean,dim_1257,CC,1257
cos_elem_1846,cosine,dim_1846,CC,1846
cos_elem_1831,cosine,dim_1831,CC,1831
cos_elem_1762,cosine,dim_1762,CC,1762
cos_elem_948,cosine,dim_948,CC,948
cos_elem_1073,cosine,dim_1073,CC,1073
cos_elem_1076,cosine,dim_1076,CC,1076
cos_elem_929,cosine,dim_929,CC,929
cos_elem_920,cosine,dim_920,CC,920
cos_elem_924,cosine,dim_924,CC,924
euc_elem_281,euclidean,dim_281,CC,281
euc_elem_280,euclidean,dim_280,CC,280
euc_elem_1203,euclidean,dim_1203,CC,1203
euc_elem_2667,euclidean,dim_2667,CC,2667
euc_elem_2669,euclidean,dim_2669,CC,2669
cos_elem_1045,cosine,dim_1045,CC,1045
cos_elem_1047,cosine,dim_1047,CC,1047
euc_elem_2725,euclidean,dim_2725,CC,2725
euc_elem_2690,euclidean,dim_2690,CC,2690
euc_elem_2697,euclidean,dim_2697,CC,2697
euc_elem_1579,euclidean,dim_1579,CC,1579
cos_elem_2902,cosine,dim_2902,CC,2902
cos_elem_2891,cosine,dim_2891,CC,2891
euc_elem_1576,euclidean,dim_1576,CC,1576
cos_elem_2819,cosine,dim_2819,CC,2819
cos_elem_2898,cosine,dim_2898,CC,2898
euc_elem_158,euclidean,dim_158,CC,158
euc_elem_165,euclidean,dim_165,CC,165
cos_elem_1900,cosine,dim_1900,CC,1900
euc_elem_2215,euclidean,dim_2215,CC,2215
cos_elem_1908,cosine,dim_1908,CC,1908
cos_elem_1889,cosine,dim_1889,CC,1889
cos_elem_1896,cosine,dim_1896,CC,1896
cos_elem_1907,cosine,dim_1907,CC,1907
euc_elem_2234,euclidean,dim_2234,CC,2234
cos_elem_1859,cosine,dim_1859,CC,1859
euc_elem_2737,euclidean,dim_2737,CC,2737
cos_elem_930,cosine,dim_930,CC,930
cos_elem_935,cosine,dim_935,CC,935
cos_elem_937,cosine,dim_937,CC,937
cos_elem_938,cosine,dim_938,CC,938
euc_elem_2740,euclidean,dim_2740,CC,2740
cos_elem_841,cosine,dim_841,CC,841
cos_elem_813,cosine,dim_813,CC,813
cos_elem_961,cosine,dim_961,CC,961
cos_elem_944,cosine,dim_944,CC,944
cos_elem_971,cosine,dim_971,CC,971
cos_elem_863,cosine,dim_863,CC,863
euc_elem_2756,euclidean,dim_2756,CC,2756
euc_elem_2759,euclidean,dim_2759,CC,2759
euc_elem_2739,euclidean,dim_2739,CC,2739
cos_elem_927,cosine,dim_927,CC,927
euc_elem_2152,euclidean,dim_2152,CC,2152
euc_elem_2158,euclidean,dim_2158,CC,2158
euc_elem_2211,euclidean,dim_2211,CC,2211
euc_elem_2199,euclidean,dim_2199,CC,2199
cos_elem_2806,cosine,dim_2806,CC,2806
cos_elem_2847,cosine,dim_2847,CC,2847
cos_elem_2839,cosine,dim_2839,CC,2839
cos_elem_977,cosine,dim_977,CC,977
euc_elem_1224,euclidean,dim_1224,CC,1224
euc_elem_193,euclidean,dim_193,CC,193
euc_elem_1195,euclidean,dim_1195,CC,1195
euc_elem_1202,euclidean,dim_1202,CC,1202
euc_elem_185,euclidean,dim_185,CC,185
euc_elem_1184,euclidean,dim_1184,CC,1184
cos_elem_2808,cosine,dim_2808,CC,2808
euc_elem_2164,euclidean,dim_2164,CC,2164
euc_elem_2789,euclidean,dim_2789,CC,2789
euc_elem_298,euclidean,dim_298,CC,298
euc_elem_365,euclidean,dim_365,CC,365
euc_elem_354,euclidean,dim_354,CC,354
euc_elem_357,euclidean,dim_357,CC,357
euc_elem_263,euclidean,dim_263,CC,263
euc_elem_1180,euclidean,dim_1180,CC,1180
cos_elem_754,cosine,dim_754,CC,754
euc_elem_2112,euclidean,dim_2112,CC,2112
cos_elem_896,cosine,dim_896,CC,896
cos_elem_833,cosine,dim_833,CC,833
cos_elem_885,cosine,dim_885,CC,885
cos_elem_875,cosine,dim_875,CC,875
cos_elem_857,cosine,dim_857,CC,857
cos_elem_785,cosine,dim_785,CC,785
cos_elem_772,cosine,dim_772,CC,772
euc_elem_1635,euclidean,dim_1635,CC,1635
cos_elem_1914,cosine,dim_1914,CC,1914
cos_elem_1917,cosine,dim_1917,CC,1917
cos_elem_1911,cosine,dim_1911,CC,1911
cos_elem_1885,cosine,dim_1885,CC,1885
cos_elem_1886,cosine,dim_1886,CC,1886
cos_elem_1874,cosine,dim_1874,CC,1874
cos_elem_1878,cosine,dim_1878,CC,1878
cos_elem_815,cosine,dim_815,CC,815
euc_elem_1154,euclidean,dim_1154,CC,1154
euc_elem_1161,euclidean,dim_1161,CC,1161
euc_elem_1162,euclidean,dim_1162,CC,1162
euc_elem_245,euclidean,dim_245,CC,245
euc_elem_247,euclidean,dim_247,CC,247
euc_elem_236,euclidean,dim_236,CC,236
cos_elem_2770,cosine,dim_2770,CC,2770
euc_elem_2840,euclidean,dim_2840,CC,2840
euc_elem_2842,euclidean,dim_2842,CC,2842
euc_elem_2776,euclidean,dim_2776,CC,2776
euc_elem_2081,euclidean,dim_2081,CC,2081
cos_elem_2059,cosine,dim_2059,CC,2059
cos_elem_2063,cosine,dim_2063,CC,2063
cos_elem_2048,cosine,dim_2048,CC,2048
euc_elem_2142,euclidean,dim_2142,CC,2142
euc_elem_1674,euclidean,dim_1674,CC,1674
euc_elem_1661,euclidean,dim_1661,CC,1661
euc_elem_337,euclidean,dim_337,CC,337
euc_elem_1136,euclidean,dim_1136,CC,1136
euc_elem_1137,euclidean,dim_1137,CC,1137
euc_elem_1141,euclidean,dim_1141,CC,1141
cos_elem_810,cosine,dim_810,CC,810
euc_elem_2836,euclidean,dim_2836,CC,2836
euc_elem_316,euclidean,dim_316,CC,316
euc_elem_309,euclidean,dim_309,CC,309
cos_elem_2009,cosine,dim_2009,CC,2009
euc_elem_1608,euclidean,dim_1608,CC,1608
cos_elem_2823,cosine,dim_2823,CC,2823
cos_elem_2826,cosine,dim_2826,CC,2826
cos_elem_2731,cosine,dim_2731,CC,2731
cos_elem_2718,cosine,dim_2718,CC,2718
cos_elem_747,cosine,dim_747,CC,747
cos_elem_735,cosine,dim_735,CC,735
cos_elem_737,cosine,dim_737,CC,737
cos_elem_766,cosine,dim_766,CC,766
euc_elem_1119,euclidean,dim_1119,CC,1119
euc_elem_1122,euclidean,dim_1122,CC,1122
euc_elem_1108,euclidean,dim_1108,CC,1108
euc_elem_311,euclidean,dim_311,CC,311
euc_elem_382,euclidean,dim_382,CC,382
euc_elem_398,euclidean,dim_398,CC,398
euc_elem_449,euclidean,dim_449,CC,449
euc_elem_435,euclidean,dim_435,CC,435
euc_elem_438,euclidean,dim_438,CC,438
euc_elem_375,euclidean,dim_375,CC,375
euc_elem_1112,euclidean,dim_1112,CC,1112
euc_elem_403,euclidean,dim_403,CC,403
euc_elem_2831,euclidean,dim_2831,CC,2831
cos_elem_679,cosine,dim_679,CC,679
cos_elem_664,cosine,dim_664,CC,664
cos_elem_668,cosine,dim_668,CC,668
cos_elem_657,cosine,dim_657,CC,657
euc_elem_377,euclidean,dim_377,CC,377
